"ID","Description","GeneRatio","BgRatio","RichFactor","FoldEnrichment","zScore","pvalue","p.adjust","qvalue","geneID","Count"
"GO:0048732","gland development","9/43","440/15769",0.0204545454545455,7.50110993657505,7.23219844205861,2.29394895009866e-06,0.00330558043709217,0.00257163750721587,"HIF1A/JARID2/IGF2R/RAF1/AREG/IRS2/IL10/LAMA5/HLX",9
"GO:0050673","epithelial cell proliferation","8/43","419/15769",0.0190930787589499,7.0018316034856,6.51103493211064,1.49044580635067e-05,0.0107386620347566,0.00835434096717613,"HIF1A/RAF1/AREG/IRS2/IL10/LAMA5/PRKDC/HLX",8
"GO:0050678","regulation of epithelial cell proliferation","7/43","344/15769",0.0203488372093023,7.46234451054624,6.33680203031585,3.6261594897523e-05,0.0174176527491102,0.013550385461706,"HIF1A/AREG/IRS2/IL10/LAMA5/PRKDC/HLX",7
